,0,1,2,3,4,5,6,7,8,9,10,11,12,13,14,15,16,17,18,19,20,21,22,23,24,25,26,27,28,29,30,31,32,33,34,35,36,37,38,39
BLANK,0.0061419904,0.0051132143,0.005181253,0.005950153,0.005736649,0.0051279664,0.0062050223,0.005924493,0.005104363,0.0056332946,0.005859494,0.0056957304,0.005683005,0.0053875744,0.005482018,0.0054964423,0.0057145953,0.005398214,0.0056318343,0.0057040453,0.005202502,0.005221933,0.0053348243,0.0057463944,0.0054852962,0.0054759085,0.0051325858,0.0050429106,0.0056744814,0.0054223537,0.2631333,0.35001725,0.42942828,0.57922053,0.68614,0.7095673,0.7276763,0.8683678,0.9008863,0.9809836
S,0.1044392,0.111723095,0.0286749,0.25140476,0.030353516,0.0054112673,0.049263924,0.04801315,0.08353275,0.01901105,0.08735031,0.06460455,0.057171255,0.0053646266,0.0415577,0.040113717,0.012034833,0.018955797,0.010593474,0.039451122,0.039339423,0.08842525,0.011079133,0.086073875,0.0111888945,0.029922307,0.048392713,0.11994034,0.0570018,0.28690618,0.100333184,0.057310343,0.0051657557,0.020172745,0.0054737926,0.0045021772,0.08459523,0.028114825,0.018927962,0.010997295
L,0.046978056,0.51324755,0.12349942,0.028504163,0.10808256,0.19741878,0.1811623,0.011561692,0.029087543,0.17581782,0.010624111,0.048606247,0.15689996,0.058084697,0.1673958,0.081875384,0.08105603,0.13190618,0.084608614,0.09658036,0.06525132,0.14769918,0.08019459,0.10737842,0.10514417,0.26555243,0.11067271,0.17747355,0.056756943,0.15856433,0.12118429,0.037787884,0.1293371,0.010736525,0.0058522224,0.010561794,0.011021018,0.01899597,0.005558461,0.0058282316
G,0.4235288,0.020391732,0.17918253,0.09425661,0.111275226,0.019129992,0.09635958,0.14943999,0.15069127,0.3307317,0.23892033,0.07038686,0.019624472,0.17690882,0.15581182,0.08286986,0.13466385,0.16533324,0.06288099,0.05938533,0.16007215,0.17844808,0.22431147,0.04812926,0.20125231,0.13578263,0.11731127,0.12137258,0.15549639,0.059672177,0.10050276,0.06962326,0.039576024,0.01081872,0.011088401,0.005500883,0.011215568,0.037575603,0.0054768324,0.0056062043
F,0.019236058,0.088941365,0.23312008,0.040773988,0.17479256,0.15596566,0.10061517,0.038199365,0.030023038,0.029471844,0.029263675,0.005473852,0.0297423,0.040331483,0.029385567,0.02858913,0.10482362,0.027670115,0.027306616,0.038773775,0.087275416,0.057995856,0.0057159364,0.10334155,0.028164536,0.005928904,0.13854638,0.056749225,0.018745482,0.01071319,0.019608647,0.029137313,0.0052797496,0.049283713,0.01168561,0.0050799847,0.0052171946,0.005215347,0.006429702,0.0056883395
K,0.11334011,0.074949,0.06579989,0.31208253,0.27326834,0.06865466,0.3386182,0.42500502,0.25341603,0.1079981,0.35573912,0.27611804,0.046627045,0.08283839,0.30852276,0.21187401,0.07192662,0.25503534,0.4668216,0.16406366,0.04910478,0.12592211,0.23392704,0.10731128,0.13396996,0.12780118,0.07461926,0.065066636,0.084391,0.06357819,0.019730031,0.038886756,0.010930002,0.0059358478,0.04700777,0.0114274025,0.048965424,0.030188322,0.028014153,0.005496502
V,0.0053804815,0.039253622,0.011390716,0.011282533,0.019674212,0.055888057,0.079536766,0.011374027,0.15004212,0.08412105,0.020307302,0.03952676,0.12629789,0.08966538,0.040323853,0.13836932,0.1273373,0.049215943,0.122819066,0.12402058,0.09161079,0.10362947,0.08589971,0.054645628,0.10040641,0.11925933,0.1426081,0.076019436,0.1586087,0.057652652,0.030752271,0.07202801,0.09687477,0.03909251,0.011742413,0.019299537,0.020317554,0.0057639778,0.010961145,0.011246651
A,0.24366152,0.028208971,0.08947325,0.10586554,0.020062298,0.120685905,0.04784,0.049433112,0.2708019,0.12207845,0.0056135356,0.12477201,0.20778319,0.39321777,0.047677368,0.18413764,0.30706707,0.23906639,0.020128101,0.29041493,0.38400242,0.10641998,0.15321198,0.27874058,0.26248276,0.16139883,0.06823838,0.19106638,0.03924054,0.17969987,0.06735879,0.19585332,0.039462805,0.0285981,0.019972324,0.039631307,0.029339045,0.011625141,0.011231571,0.005215943
M,0.011936992,0.050246894,0.0059421957,0.006195456,0.005440116,0.13001347,0.005301386,0.010926783,0.011732042,0.0049637854,0.011470169,0.004882276,0.09386948,0.005764067,0.004897207,0.010808796,0.01901427,0.03831449,0.020367801,0.01940316,0.00576517,0.012183338,0.011379868,0.0055789053,0.012153894,0.030017644,0.010913998,0.005769551,0.029670566,0.005262971,0.00577873,0.011691868,0.005746752,0.019723892,0.011140674,0.0060423315,0.005093634,0.004807383,0.0050355494,0.005592078
D,0.038445503,0.005282402,0.010854453,0.098477185,0.06546748,0.037741214,0.011729658,0.029915929,0.019216627,0.020226508,0.10458574,0.089634985,0.0059417486,0.005444795,0.038514465,0.018394947,0.04028806,0.0054339767,0.06510547,0.020381093,0.006073445,0.08993587,0.010752827,0.08076066,0.038661152,0.10603559,0.11611211,0.028237075,0.029002637,0.04861194,0.029393435,0.03779918,0.005661726,0.03797117,0.00584957,0.019562304,0.0058934093,0.0053769946,0.0055394173,0.0050905347
Q,0.019506633,0.005706072,0.0052557886,0.011214912,0.0053440034,0.0053237975,0.019697487,0.06639558,0.005854726,0.005756438,0.045975655,0.039957315,0.02939105,0.029365629,0.08240557,0.041229367,0.020446897,0.019689322,0.028854191,0.040400803,0.0197649,0.112365335,0.14352474,0.028133571,0.07552388,0.066696614,0.096919894,0.011951923,0.11816889,0.056559056,0.14836049,0.09504655,0.011194795,0.10024059,0.011523247,0.019962579,0.03810972,0.0057475567,0.005691707,0.0058674216
N,0.010354191,0.011679083,0.004824728,0.028775096,0.051313996,0.0055862963,0.01899618,0.05765471,0.012236029,0.010633081,0.03836429,0.057430178,0.0057034492,0.038927674,0.0054431558,0.004959643,0.05010909,0.038312316,0.029423684,0.030571878,0.089395255,0.011094868,0.03774938,0.03046599,0.07185176,0.058900654,0.14925098,0.038565397,0.055515915,0.08690485,0.05507356,0.05520457,0.029798746,0.019483447,0.0054654777,0.0571177,0.0057534575,0.0049085915,0.005289644,0.0051279366
R,0.06772873,0.049196064,0.039176017,0.055069625,0.057352155,0.021139205,0.12455401,0.1193386,0.028562963,0.07573345,0.066241205,0.08478531,0.05953145,0.038922876,0.057481527,0.08373979,0.06810507,0.066535085,0.07513985,0.018604845,0.027966589,0.046112746,0.12817198,0.055176646,0.05485192,0.028714985,0.038550675,0.03096655,0.06659818,0.058167905,0.028120548,0.01959455,0.037645936,0.11883062,0.073735446,0.018453479,0.011137694,0.0053619444,0.011526018,0.0050272346
E,0.006087661,0.0110504925,0.010843217,0.047435135,0.04094559,0.01095891,0.028704673,0.06473148,0.07442483,0.038443983,0.09904334,0.15328476,0.08824211,0.012162358,0.09105748,0.07492602,0.028553247,0.018974155,0.030059546,0.03803867,0.0053185225,0.039562523,0.047293335,0.0051212013,0.010712296,0.019897848,0.019509524,0.0054855645,0.14764184,0.04974857,0.14915109,0.0055529773,0.057891965,0.0062455535,0.018791556,0.09146342,0.018944174,0.018646002,0.0055656135,0.0055084825
I,0.0112785995,0.0053518116,0.0047230422,0.030136615,0.056562215,0.32735205,0.050036162,0.030397475,0.064492226,0.1464706,0.01080066,0.019340813,0.22743994,0.08254582,0.07272628,0.0059185326,0.08646867,0.048897,0.06907201,0.14208129,0.1124236,0.047727734,0.019464254,0.14792433,0.047833353,0.02848515,0.07343349,0.104922324,0.12462318,0.019372076,0.03729403,0.06673902,0.07813501,0.01111871,0.019875467,0.006052941,0.0055818856,0.005161673,0.0057433248,0.00609076
P,0.010986537,0.046729416,0.019687474,0.0115554035,0.018846035,0.0060206354,0.030123562,0.027497262,0.011508733,0.011253864,0.005297929,0.006770432,0.03923437,0.011430562,0.005948633,0.0050111115,0.0058826506,0.08911255,0.0051389635,0.011322707,0.028825998,0.02865228,0.005721897,0.05017385,0.039363712,0.019016773,0.019971639,0.059597433,0.055826634,0.019044995,0.02866429,0.018790841,0.14323354,0.048036397,0.028798342,0.018983543,0.0050344467,0.0049928427,0.005267471,0.0048861206
T,0.005165994,0.011574,0.020293117,0.050101697,0.17824703,0.011060983,0.019280791,0.050478995,0.0050010383,0.00586918,0.030522317,0.1322434,0.011688024,0.072377086,0.03129515,0.048647404,0.04866749,0.0054006577,0.038720876,0.029261708,0.019701153,0.048098445,0.011580557,0.040280133,0.0051392913,0.005415231,0.0058570504,0.13230723,0.049785346,0.019433975,0.029136896,0.02832225,0.06067124,0.01958239,0.124556154,0.019154996,0.04741484,0.005278319,0.020650089,0.005494565
W,0.011266947,0.10084057,0.33047926,0.005261719,0.011315405,0.0051869154,0.019474745,0.005461812,0.00568521,0.01151675,0.011301339,0.011269212,0.0052605867,0.011561632,0.0060738325,0.011635482,0.004918933,0.0057838857,0.011535555,0.005310893,0.0054836273,0.0054406226,0.005302191,0.00574103,0.029973805,0.0056207776,0.005954474,0.0061039627,0.020354092,0.010843933,0.006382793,0.011002213,0.005441904,0.0053954422,0.005492449,0.0058631897,0.0054450333,0.005413264,0.005916536,0.005603224
H,0.0057008266,0.00456354,0.011447281,0.01139918,0.006070882,0.010884047,0.005642563,0.005397022,0.006007999,0.0114249885,0.01149711,0.028480887,0.029226243,0.0302096,0.005820006,0.170887,0.029527694,0.0058529973,0.0053704977,0.01145336,0.011589348,0.012118161,0.005925864,0.020467699,0.011602014,0.028040051,0.019926816,0.005982697,0.0052993894,0.02993825,0.0053084493,0.019384384,0.0053195655,0.005188346,0.0056426227,0.005011916,0.005513519,0.005286336,0.011449814,0.0052450597
Y,0.018679738,0.0060545206,0.005373955,0.010961562,0.0058611035,0.011128992,0.0055835247,0.005058259,0.0062828064,0.010690093,0.01148358,0.005800724,0.005728245,0.029081017,0.048847258,0.011906594,0.0056913197,0.0056591034,0.018901706,0.048142374,0.010693967,0.020733595,0.0116460025,0.0055289567,0.011542261,0.005108595,0.018800527,0.03885293,0.005785078,0.011700332,0.005902946,0.0055631697,0.0053219497,0.0058259964,0.005558282,0.037847787,0.019309402,0.0058748126,0.0054121017,0.0054269433
